course_id,title,platform,category,description,level,rating,num_reviews,duration_hrs,price,skills,certificate,language
C0001,Python for Data Science and Machine Learning Bootcamp,Udemy,Data Science,"Master data science tools and techniques including data wrangling, visualization, and statistical analysis using Python and SQL.",All Levels,4.1,41590,29,0.0,"SQL, R, Python, Tableau, Data Analysis",False,English
C0002,Data Science A-Z: Real-Life Data Science Exercises Included,Coursera,Data Science,"Master data science tools and techniques including data wrangling, visualization, and statistical analysis using Python and SQL.",Beginner,4.1,119846,62,49.99,"Seaborn, Statistics, R, SQL",True,French
C0003,The Data Science Course: Complete Data Science Bootcamp,edX,Data Science,"Master data science tools and techniques including data wrangling, visualization, and statistical analysis using Python and SQL.",Beginner,4.1,124743,67,9.99,"NumPy, Matplotlib, Seaborn, Statistics, R",True,English
C0004,Applied Data Science with Python Specialization,LinkedIn Learning,Data Science,"Master data science tools and techniques including data wrangling, visualization, and statistical analysis using Python and SQL.",Beginner,4.4,37565,69,49.99,"Python, Matplotlib, Seaborn, NumPy",False,Spanish
C0005,Data Science and Machine Learning with Python,Coursera,Data Science,"Master data science tools and techniques including data wrangling, visualization, and statistical analysis using Python and SQL.",Intermediate,4.3,115252,78,19.99,"Matplotlib, NumPy, Data Analysis",True,English
C0006,IBM Data Science Professional Certificate,Coursera,Data Science,"Master data science tools and techniques including data wrangling, visualization, and statistical analysis using Python and SQL.",Advanced,4.6,114069,40,0.0,"Data Analysis, Tableau, NumPy, SQL, R",True,French
C0007,Introduction to Data Science in Python,edX,Data Science,"Master data science tools and techniques including data wrangling, visualization, and statistical analysis using Python and SQL.",Intermediate,4.2,111489,34,19.99,"Matplotlib, Pandas, SQL, Tableau, Seaborn",True,English
C0008,Data Science: Visualization with R,Udemy,Data Science,"Master data science tools and techniques including data wrangling, visualization, and statistical analysis using Python and SQL.",Beginner,4.5,63123,78,12.99,"Pandas, R, Matplotlib, NumPy, Seaborn",True,English
C0009,Become a Data Scientist,edX,Data Science,"Master data science tools and techniques including data wrangling, visualization, and statistical analysis using Python and SQL.",Beginner,4.9,128876,34,19.99,"Statistics, Tableau, Python",False,English
C0010,Data Science Fundamentals with Python and SQL,Udemy,Data Science,"Master data science tools and techniques including data wrangling, visualization, and statistical analysis using Python and SQL.",Beginner,4.3,69340,59,14.99,"Data Analysis, Seaborn, Matplotlib, R, SQL",False,Spanish
C0011,Statistics for Data Science and Business Analysis,Coursera,Data Science,"Master data science tools and techniques including data wrangling, visualization, and statistical analysis using Python and SQL.",Advanced,4.1,90584,8,12.99,"Tableau, Data Analysis, SQL, Pandas, Matplotlib",True,Spanish
C0012,Data Science Career Guide and Interview Preparation,Udemy,Data Science,"Master data science tools and techniques including data wrangling, visualization, and statistical analysis using Python and SQL.",Intermediate,4.4,110578,23,29.99,"Data Analysis, Tableau, Pandas, R, Statistics",True,French
C0013,Data Science Math Skills,Udacity,Data Science,"Master data science tools and techniques including data wrangling, visualization, and statistical analysis using Python and SQL.",Intermediate,4.4,101189,8,24.99,"Seaborn, Pandas, Statistics, Python, Data Analysis",False,English
C0014,"Everyday Excel, Part 1",LinkedIn Learning,Data Science,"Master data science tools and techniques including data wrangling, visualization, and statistical analysis using Python and SQL.",All Levels,4.6,30355,16,12.99,"R, NumPy, Statistics, Data Analysis, Pandas",False,English
C0015,Data Analysis with Python,Udacity,Data Science,"Master data science tools and techniques including data wrangling, visualization, and statistical analysis using Python and SQL.",Intermediate,4.1,133772,25,9.99,"Matplotlib, Statistics, R",True,English
C0016,Python Data Science Toolbox Part 1,edX,Data Science,"Master data science tools and techniques including data wrangling, visualization, and statistical analysis using Python and SQL.",Beginner,4.1,20330,29,12.99,"Matplotlib, Pandas, Seaborn",False,French
C0017,Python Data Science Toolbox Part 2,Udemy,Data Science,"Master data science tools and techniques including data wrangling, visualization, and statistical analysis using Python and SQL.",All Levels,4.3,103446,71,24.99,"NumPy, R, Seaborn, Tableau, Matplotlib",True,Spanish
C0018,Cleaning Data in Python,Udemy,Data Science,"Master data science tools and techniques including data wrangling, visualization, and statistical analysis using Python and SQL.",Beginner,4.9,66226,39,29.99,"Data Analysis, Pandas, SQL, R",True,English
C0019,Data Manipulation with pandas,Udemy,Data Science,"Master data science tools and techniques including data wrangling, visualization, and statistical analysis using Python and SQL.",All Levels,4.9,106364,50,24.99,"Python, Statistics, SQL, R",True,English
C0020,Merging DataFrames with pandas,Udacity,Data Science,"Master data science tools and techniques including data wrangling, visualization, and statistical analysis using Python and SQL.",Advanced,4.1,88422,22,14.99,"Data Analysis, NumPy, Pandas",True,English
C0021,Machine Learning by Andrew Ng (Stanford),Udemy,Machine Learning,"Learn supervised, unsupervised, and reinforcement learning algorithms with hands-on projects and real-world datasets.",Intermediate,4.8,3551,12,19.99,"Classification, Model Evaluation, Regression",False,Spanish
C0022,"Machine Learning A-Z: AI, Python & R in Data Science",Udemy,Machine Learning,"Learn supervised, unsupervised, and reinforcement learning algorithms with hands-on projects and real-world datasets.",Advanced,4.0,8808,69,29.99,"Regression, Model Evaluation, NumPy",True,French
C0023,Machine Learning with Python,Coursera,Machine Learning,"Learn supervised, unsupervised, and reinforcement learning algorithms with hands-on projects and real-world datasets.",All Levels,4.7,17464,29,24.99,"Clustering, ML Algorithms, Feature Engineering, Pandas, Classification",True,English
C0024,Advanced Machine Learning Specialization,Udemy,Machine Learning,"Learn supervised, unsupervised, and reinforcement learning algorithms with hands-on projects and real-world datasets.",Advanced,4.5,95258,40,19.99,"Clustering, ML Algorithms, Scikit-learn",True,English
C0025,Machine Learning Engineering for Production (MLOps),edX,Machine Learning,"Learn supervised, unsupervised, and reinforcement learning algorithms with hands-on projects and real-world datasets.",Intermediate,4.0,91507,39,49.99,"Pandas, Regression, Classification, Clustering",True,English
C0026,Practical Machine Learning on H2O,Udemy,Machine Learning,"Learn supervised, unsupervised, and reinforcement learning algorithms with hands-on projects and real-world datasets.",Beginner,4.2,109440,19,9.99,"Pandas, Classification, Scikit-learn",True,English
C0027,Machine Learning with TensorFlow on Google Cloud,edX,Machine Learning,"Learn supervised, unsupervised, and reinforcement learning algorithms with hands-on projects and real-world datasets.",Intermediate,4.9,8043,43,19.99,"Clustering, NumPy, Model Evaluation, Pandas",False,Spanish
C0028,End-to-End Machine Learning with TensorFlow on GCP,Coursera,Machine Learning,"Learn supervised, unsupervised, and reinforcement learning algorithms with hands-on projects and real-world datasets.",Advanced,4.6,45311,62,29.99,"Model Evaluation, NumPy, Pandas, Classification, Clustering",False,English
C0029,Machine Learning Explainability,Udemy,Machine Learning,"Learn supervised, unsupervised, and reinforcement learning algorithms with hands-on projects and real-world datasets.",Intermediate,4.4,59663,59,19.99,"Clustering, Scikit-learn, Classification",True,French
C0030,Feature Engineering for Machine Learning,Coursera,Machine Learning,"Learn supervised, unsupervised, and reinforcement learning algorithms with hands-on projects and real-world datasets.",Intermediate,4.1,126674,12,24.99,"Classification, ML Algorithms, Scikit-learn, NumPy, Regression",True,English
C0031,ML Pipelines on Google Cloud,Coursera,Machine Learning,"Learn supervised, unsupervised, and reinforcement learning algorithms with hands-on projects and real-world datasets.",Beginner,4.8,19565,73,0.0,"ML Algorithms, Classification, Scikit-learn, Feature Engineering",True,English
C0032,Intermediate Machine Learning,Udemy,Machine Learning,"Learn supervised, unsupervised, and reinforcement learning algorithms with hands-on projects and real-world datasets.",All Levels,4.1,27290,26,9.99,"NumPy, ML Algorithms, Scikit-learn, Clustering",True,French
C0033,Introduction to Machine Learning with Python,Udemy,Machine Learning,"Learn supervised, unsupervised, and reinforcement learning algorithms with hands-on projects and real-world datasets.",Intermediate,4.5,24460,63,19.99,"NumPy, Clustering, Regression",True,English
C0034,Machine Learning Fundamentals,Coursera,Machine Learning,"Learn supervised, unsupervised, and reinforcement learning algorithms with hands-on projects and real-world datasets.",All Levels,5.0,114565,54,24.99,"Scikit-learn, Python, Pandas",True,English
C0035,Supervised Machine Learning: Regression and Classification,edX,Machine Learning,"Learn supervised, unsupervised, and reinforcement learning algorithms with hands-on projects and real-world datasets.",Intermediate,4.6,102523,65,12.99,"Python, ML Algorithms, Scikit-learn, Clustering, Model Evaluation",True,French
C0036,"Unsupervised Learning, Recommenders, Reinforcement Learning",LinkedIn Learning,Machine Learning,"Learn supervised, unsupervised, and reinforcement learning algorithms with hands-on projects and real-world datasets.",All Levels,4.9,118512,13,49.99,"Scikit-learn, ML Algorithms, Regression, NumPy",False,English
C0037,Advanced Learning Algorithms,Udemy,Machine Learning,"Learn supervised, unsupervised, and reinforcement learning algorithms with hands-on projects and real-world datasets.",All Levels,4.4,24333,70,14.99,"Feature Engineering, Clustering, ML Algorithms, Scikit-learn",False,English
C0038,Deploying Machine Learning Models in Production,Udacity,Machine Learning,"Learn supervised, unsupervised, and reinforcement learning algorithms with hands-on projects and real-world datasets.",Intermediate,4.7,81142,60,19.99,"Scikit-learn, ML Algorithms, Classification, Clustering, Feature Engineering",False,English
C0039,Machine Learning in Production,Udacity,Machine Learning,"Learn supervised, unsupervised, and reinforcement learning algorithms with hands-on projects and real-world datasets.",Beginner,4.8,92693,79,0.0,"NumPy, Regression, Clustering, Scikit-learn",True,English
C0040,Structuring Machine Learning Projects,Udemy,Machine Learning,"Learn supervised, unsupervised, and reinforcement learning algorithms with hands-on projects and real-world datasets.",All Levels,4.2,81817,71,0.0,"ML Algorithms, Regression, Feature Engineering, Scikit-learn",True,English
C0041,Deep Learning Specialization by Andrew Ng,edX,Deep Learning,"Build powerful neural networks using TensorFlow and PyTorch for image recognition, NLP, and generative AI applications.",Intermediate,4.9,103696,11,19.99,"LSTM, CNN, PyTorch, NLP, Computer Vision",False,English
C0042,Deep Learning A-Z: Hands-On Artificial Neural Networks,Coursera,Deep Learning,"Build powerful neural networks using TensorFlow and PyTorch for image recognition, NLP, and generative AI applications.",Intermediate,4.5,137662,23,24.99,"Transfer Learning, TensorFlow, Neural Networks, LSTM",True,English
C0043,Neural Networks and Deep Learning,Udacity,Deep Learning,"Build powerful neural networks using TensorFlow and PyTorch for image recognition, NLP, and generative AI applications.",Intermediate,4.0,40249,8,19.99,"Transfer Learning, TensorFlow, RNN",True,English
C0044,Convolutional Neural Networks,Coursera,Deep Learning,"Build powerful neural networks using TensorFlow and PyTorch for image recognition, NLP, and generative AI applications.",Intermediate,4.3,128100,59,12.99,"Keras, Neural Networks, Transfer Learning, CNN, PyTorch",True,English
C0045,Sequence Models,edX,Deep Learning,"Build powerful neural networks using TensorFlow and PyTorch for image recognition, NLP, and generative AI applications.",Intermediate,4.4,105686,22,9.99,"Neural Networks, Keras, TensorFlow, CNN",False,Spanish
C0046,Improving Deep Neural Networks: Hyperparameter Tuning,Coursera,Deep Learning,"Build powerful neural networks using TensorFlow and PyTorch for image recognition, NLP, and generative AI applications.",Intermediate,4.6,124549,41,19.99,"PyTorch, LSTM, Keras, NLP, Transfer Learning",True,Spanish
C0048,TensorFlow Developer Certificate,Coursera,Deep Learning,"Build powerful neural networks using TensorFlow and PyTorch for image recognition, NLP, and generative AI applications.",Advanced,4.4,123383,13,49.99,"TensorFlow, Keras, NLP, RNN, Neural Networks",True,English
C0049,Deep Learning with PyTorch: Zero to GANs,Udacity,Deep Learning,"Build powerful neural networks using TensorFlow and PyTorch for image recognition, NLP, and generative AI applications.",Advanced,4.5,128034,8,24.99,"TensorFlow, LSTM, Computer Vision, RNN, Keras",True,French
C0050,Introduction to Deep Learning with PyTorch,Udemy,Deep Learning,"Build powerful neural networks using TensorFlow and PyTorch for image recognition, NLP, and generative AI applications.",All Levels,4.2,5787,9,0.0,"Computer Vision, Neural Networks, Transfer Learning",True,English
C0051,Deep Neural Networks with PyTorch,edX,Deep Learning,"Build powerful neural networks using TensorFlow and PyTorch for image recognition, NLP, and generative AI applications.",Intermediate,4.9,102334,16,12.99,"Transfer Learning, Computer Vision, Neural Networks, Keras",True,English
C0052,Computer Vision Basics,edX,Deep Learning,"Build powerful neural networks using TensorFlow and PyTorch for image recognition, NLP, and generative AI applications.",Intermediate,4.2,131649,33,49.99,"Keras, NLP, LSTM",True,English
C0053,Deep Learning for Computer Vision,Udemy,Deep Learning,"Build powerful neural networks using TensorFlow and PyTorch for image recognition, NLP, and generative AI applications.",Advanced,4.4,149953,60,49.99,"Keras, Computer Vision, Neural Networks, NLP, LSTM",True,English
C0054,Deep Reinforcement Learning Nanodegree,Udemy,Deep Learning,"Build powerful neural networks using TensorFlow and PyTorch for image recognition, NLP, and generative AI applications.",Intermediate,4.6,51856,45,29.99,"PyTorch, RNN, Keras, Computer Vision, TensorFlow",False,English
C0055,Generative Adversarial Networks (GANs) Specialization,edX,Deep Learning,"Build powerful neural networks using TensorFlow and PyTorch for image recognition, NLP, and generative AI applications.",Beginner,4.5,64935,63,19.99,"RNN, LSTM, Neural Networks, Transfer Learning",True,French
C0056,Build Basic Generative Adversarial Networks (GANs),Coursera,Deep Learning,"Build powerful neural networks using TensorFlow and PyTorch for image recognition, NLP, and generative AI applications.",Advanced,4.2,14653,45,12.99,"LSTM, RNN, TensorFlow, CNN",True,English
C0057,Build Better Generative Adversarial Networks (GANs),LinkedIn Learning,Deep Learning,"Build powerful neural networks using TensorFlow and PyTorch for image recognition, NLP, and generative AI applications.",Beginner,4.0,626,38,24.99,"CNN, Computer Vision, LSTM",True,French
C0058,Apply Generative Adversarial Networks (GANs),Coursera,Deep Learning,"Build powerful neural networks using TensorFlow and PyTorch for image recognition, NLP, and generative AI applications.",Advanced,4.9,100658,61,19.99,"PyTorch, Computer Vision, Neural Networks, Transfer Learning, Keras",True,French
C0059,AI for Medical Diagnosis,Udemy,Deep Learning,"Build powerful neural networks using TensorFlow and PyTorch for image recognition, NLP, and generative AI applications.",Advanced,4.9,140149,14,14.99,"NLP, LSTM, RNN, Transfer Learning",False,English
C0060,AI for Medical Prognosis,Udemy,Deep Learning,"Build powerful neural networks using TensorFlow and PyTorch for image recognition, NLP, and generative AI applications.",Beginner,4.8,5257,33,0.0,"Keras, NLP, LSTM, Computer Vision, CNN",True,English
C0061,Complete Python Bootcamp from Zero to Hero in Python,LinkedIn Learning,Python Programming,"Complete Python programming from beginner to advanced including OOP, data structures, automation, and web frameworks.",Beginner,4.2,94001,39,19.99,"Algorithms, Testing, Data Structures, OOP",True,French
C0062,Python Mega Course: Learn Python in 60 Days,Udemy,Python Programming,"Complete Python programming from beginner to advanced including OOP, data structures, automation, and web frameworks.",Intermediate,4.6,120114,11,9.99,"Flask, Automation, FastAPI, Testing",False,English
C0063,Python for Everybody Specialization,Udemy,Python Programming,"Complete Python programming from beginner to advanced including OOP, data structures, automation, and web frameworks.",Beginner,4.0,31178,66,19.99,"FastAPI, Flask, Automation, Data Structures",True,English
C0064,100 Days of Code: The Complete Python Pro Bootcamp,edX,Python Programming,"Complete Python programming from beginner to advanced including OOP, data structures, automation, and web frameworks.",Beginner,4.2,66858,55,0.0,"Flask, Automation, Python",True,English
C0065,Automate the Boring Stuff with Python Programming,Coursera,Python Programming,"Complete Python programming from beginner to advanced including OOP, data structures, automation, and web frameworks.",Beginner,4.3,103645,9,14.99,"Scripting, Django, Testing",True,Spanish
C0066,Python: The Complete Reference,edX,Python Programming,"Complete Python programming from beginner to advanced including OOP, data structures, automation, and web frameworks.",Intermediate,4.1,19563,66,29.99,"Python, FastAPI, Scripting, Testing",False,English
C0067,Python OOP - Object Oriented Programming for Beginners,Udemy,Python Programming,"Complete Python programming from beginner to advanced including OOP, data structures, automation, and web frameworks.",Intermediate,4.9,127178,44,0.0,"FastAPI, Testing, Algorithms",False,French
C0068,Python Beyond the Basics - Object-Oriented Programming,Udacity,Python Programming,"Complete Python programming from beginner to advanced including OOP, data structures, automation, and web frameworks.",Intermediate,4.1,51726,64,12.99,"Automation, Django, Scripting, Data Structures",False,English
C0069,Python and Django Full Stack Web Developer Bootcamp,edX,Python Programming,"Complete Python programming from beginner to advanced including OOP, data structures, automation, and web frameworks.",Advanced,5.0,21672,43,29.99,"Automation, Data Structures, FastAPI, Django, Scripting",True,English
C0070,Python for Finance: Investment Fundamentals & Data Analytics,Coursera,Python Programming,"Complete Python programming from beginner to advanced including OOP, data structures, automation, and web frameworks.",Intermediate,4.0,114630,69,49.99,"Automation, Testing, Python",True,English
C0071,Python for Algorithmic Trading Bootcamp,edX,Python Programming,"Complete Python programming from beginner to advanced including OOP, data structures, automation, and web frameworks.",Beginner,4.2,45686,51,49.99,"FastAPI, Django, OOP",True,Spanish
C0072,Python Scripting for System Administrators,Udemy,Python Programming,"Complete Python programming from beginner to advanced including OOP, data structures, automation, and web frameworks.",Beginner,4.6,11844,77,49.99,"FastAPI, Flask, Data Structures, Scripting, Algorithms",False,Spanish
C0073,Python for Penetration Testing,Coursera,Python Programming,"Complete Python programming from beginner to advanced including OOP, data structures, automation, and web frameworks.",All Levels,4.0,140392,14,12.99,"Data Structures, Scripting, Algorithms",False,English
C0074,Python GUI Programming with Tkinter,Udemy,Python Programming,"Complete Python programming from beginner to advanced including OOP, data structures, automation, and web frameworks.",Advanced,4.6,122326,67,19.99,"Testing, Flask, Python, FastAPI, Automation",False,English
C0075,Flask: Develop Web Applications in Python,Udemy,Python Programming,"Complete Python programming from beginner to advanced including OOP, data structures, automation, and web frameworks.",Advanced,4.9,79773,73,0.0,"Data Structures, Testing, OOP, Django, Automation",False,English
C0076,FastAPI - The Complete Course 2024,Udacity,Python Programming,"Complete Python programming from beginner to advanced including OOP, data structures, automation, and web frameworks.",Intermediate,4.6,85931,17,0.0,"Data Structures, Automation, Testing, OOP, Scripting",True,Spanish
C0077,Python Parallel and Concurrent Programming Part 1,edX,Python Programming,"Complete Python programming from beginner to advanced including OOP, data structures, automation, and web frameworks.",Beginner,5.0,136066,56,14.99,"Django, Data Structures, Testing, Python, Flask",True,English
C0078,Python Parallel and Concurrent Programming Part 2,LinkedIn Learning,Python Programming,"Complete Python programming from beginner to advanced including OOP, data structures, automation, and web frameworks.",Advanced,4.2,80935,11,12.99,"Flask, Algorithms, Python, OOP, Data Structures",False,French
C0079,Intermediate Python,Udacity,Python Programming,"Complete Python programming from beginner to advanced including OOP, data structures, automation, and web frameworks.",Beginner,4.1,66762,56,19.99,"Algorithms, FastAPI, Flask, Data Structures, Scripting",True,English
C0080,Writing Efficient Python Code,Coursera,Python Programming,"Complete Python programming from beginner to advanced including OOP, data structures, automation, and web frameworks.",Intermediate,4.0,103479,21,29.99,"Testing, FastAPI, Automation, Algorithms",True,English
C0081,The Complete Web Developer in 2024: Zero to Mastery,Coursera,Web Development,"Build full-stack web applications using HTML, CSS, JavaScript, React, Node.js, and modern frameworks.",Intermediate,4.3,106095,45,12.99,"MongoDB, Vue.js, JavaScript, Node.js, REST API",False,English
C0082,The Web Developer Bootcamp 2024,Udemy,Web Development,"Build full-stack web applications using HTML, CSS, JavaScript, React, Node.js, and modern frameworks.",All Levels,4.3,72219,40,29.99,"React, Angular, Vue.js",False,Spanish
C0083,Full Stack Web Development with React Specialization,Udacity,Web Development,"Build full-stack web applications using HTML, CSS, JavaScript, React, Node.js, and modern frameworks.",All Levels,5.0,68844,38,29.99,"Vue.js, TypeScript, HTML",True,English
C0084,"HTML, CSS, and Javascript for Web Developers",Coursera,Web Development,"Build full-stack web applications using HTML, CSS, JavaScript, React, Node.js, and modern frameworks.",All Levels,4.1,75918,24,9.99,"HTML, Vue.js, Angular, JavaScript",True,French
C0085,"Responsive Website Basics: Code with HTML, CSS, and JavaScript",edX,Web Development,"Build full-stack web applications using HTML, CSS, JavaScript, React, Node.js, and modern frameworks.",Beginner,4.1,145079,27,24.99,"Node.js, HTML, TypeScript, JavaScript",True,English
C0086,JavaScript: Understanding the Weird Parts,Coursera,Web Development,"Build full-stack web applications using HTML, CSS, JavaScript, React, Node.js, and modern frameworks.",Advanced,5.0,25360,43,24.99,"Vue.js, Node.js, React",True,Spanish
C0087,Modern JavaScript From The Beginning 2.0,Coursera,Web Development,"Build full-stack web applications using HTML, CSS, JavaScript, React, Node.js, and modern frameworks.",Beginner,4.5,42346,36,24.99,"Node.js, TypeScript, React, HTML",True,English
C0088,React - The Complete Guide 2024 (incl React Router & Redux),edX,Web Development,"Build full-stack web applications using HTML, CSS, JavaScript, React, Node.js, and modern frameworks.",Beginner,4.9,49401,26,12.99,"Vue.js, CSS, TypeScript, Angular, Node.js",False,English
C0089,Angular - The Complete Guide (2024 Edition),Udemy,Web Development,"Build full-stack web applications using HTML, CSS, JavaScript, React, Node.js, and modern frameworks.",Advanced,4.2,116172,24,0.0,"Vue.js, REST API, TypeScript, Node.js",True,English
C0090,Vue - The Complete Guide (incl. Router & Composition API),Udacity,Web Development,"Build full-stack web applications using HTML, CSS, JavaScript, React, Node.js, and modern frameworks.",Advanced,4.0,12036,16,12.99,"TypeScript, HTML, REST API, MongoDB, Angular",True,French
C0091,"Node.js, Express, MongoDB & More: The Complete Bootcamp",Coursera,Web Development,"Build full-stack web applications using HTML, CSS, JavaScript, React, Node.js, and modern frameworks.",Advanced,4.7,6654,52,29.99,"React, TypeScript, JavaScript, Angular, MongoDB",False,English
C0092,The Complete Node.js Developer Course,Coursera,Web Development,"Build full-stack web applications using HTML, CSS, JavaScript, React, Node.js, and modern frameworks.",Intermediate,4.8,62181,9,19.99,"JavaScript, CSS, TypeScript",False,English
C0093,Next.js & React - The Complete Guide,Udacity,Web Development,"Build full-stack web applications using HTML, CSS, JavaScript, React, Node.js, and modern frameworks.",Intermediate,4.0,63268,68,24.99,"HTML, React, JavaScript, Node.js, Vue.js",True,English
C0094,Django 4 and Python Full-Stack Developer Masterclass,Coursera,Web Development,"Build full-stack web applications using HTML, CSS, JavaScript, React, Node.js, and modern frameworks.",Intermediate,4.5,99011,11,19.99,"Node.js, HTML, JavaScript, Angular",False,English
C0095,REST APIs with Flask and Python in 2024,Coursera,Web Development,"Build full-stack web applications using HTML, CSS, JavaScript, React, Node.js, and modern frameworks.",Beginner,4.2,124129,52,9.99,"TypeScript, JavaScript, Angular, HTML",False,English
C0096,GraphQL with React: The Complete Developers Guide,Coursera,Web Development,"Build full-stack web applications using HTML, CSS, JavaScript, React, Node.js, and modern frameworks.",Beginner,4.7,16809,70,12.99,"Angular, MongoDB, CSS, React, TypeScript",False,English
C0097,"CSS - The Complete Guide 2024 (incl. Flexbox, Grid & Sass)",Udacity,Web Development,"Build full-stack web applications using HTML, CSS, JavaScript, React, Node.js, and modern frameworks.",Advanced,4.5,72599,73,19.99,"JavaScript, HTML, TypeScript",False,English
C0098,"Advanced CSS and Sass: Flexbox, Grid, Animations and More!",LinkedIn Learning,Web Development,"Build full-stack web applications using HTML, CSS, JavaScript, React, Node.js, and modern frameworks.",Beginner,4.6,88897,9,9.99,"MongoDB, REST API, React",False,French
C0099,Bootstrap 5 From Scratch,Udemy,Web Development,"Build full-stack web applications using HTML, CSS, JavaScript, React, Node.js, and modern frameworks.",Beginner,4.4,65174,12,14.99,"REST API, Angular, Node.js",False,Spanish
C0100,Tailwind CSS From Scratch,LinkedIn Learning,Web Development,"Build full-stack web applications using HTML, CSS, JavaScript, React, Node.js, and modern frameworks.",Intermediate,4.4,80030,8,12.99,"Angular, HTML, React, MongoDB, Node.js",True,Spanish
C0101,Business Analytics Specialization,Coursera,Business Analytics,"Use Excel, Tableau, Power BI, and SQL to turn raw business data into actionable insights and dashboards.",Advanced,4.3,82037,44,49.99,"KPIs, Tableau, Pivot Tables",True,English
C0102,Excel Skills for Business Specialization,Udemy,Business Analytics,"Use Excel, Tableau, Power BI, and SQL to turn raw business data into actionable insights and dashboards.",All Levels,5.0,127445,57,49.99,"Pivot Tables, Statistics, DAX",True,English
C0103,Data Analysis and Visualization with Excel,Udemy,Business Analytics,"Use Excel, Tableau, Power BI, and SQL to turn raw business data into actionable insights and dashboards.",Advanced,4.2,14169,12,49.99,"Data Visualization, Google Analytics, Power BI, Excel, Statistics",True,English
C0104,Tableau for Beginners: Get Certified Accelerate Your Career,Udacity,Business Analytics,"Use Excel, Tableau, Power BI, and SQL to turn raw business data into actionable insights and dashboards.",All Levels,4.9,101876,26,49.99,"Statistics, Data Visualization, Google Analytics, Power BI",False,French
C0105,Tableau 2024 A-Z: Hands-On Tableau Training for Data Science,Udemy,Business Analytics,"Use Excel, Tableau, Power BI, and SQL to turn raw business data into actionable insights and dashboards.",Intermediate,4.1,114544,11,24.99,"KPIs, Power BI, SQL, Statistics",False,English
C0106,Power BI Desktop for Business Intelligence,Udacity,Business Analytics,"Use Excel, Tableau, Power BI, and SQL to turn raw business data into actionable insights and dashboards.",Intermediate,4.6,100994,28,14.99,"SQL, Tableau, Data Visualization",True,English
C0107,Microsoft Power BI Desktop for Business Intelligence,Coursera,Business Analytics,"Use Excel, Tableau, Power BI, and SQL to turn raw business data into actionable insights and dashboards.",Intermediate,4.4,6971,55,29.99,"DAX, Excel, SQL, Statistics",False,French
C0108,Business Intelligence Analyst Course 2024,Udemy,Business Analytics,"Use Excel, Tableau, Power BI, and SQL to turn raw business data into actionable insights and dashboards.",Intermediate,4.0,64606,54,0.0,"KPIs, Excel, Pivot Tables, DAX",False,Spanish
C0109,SQL for Data Analysis,LinkedIn Learning,Business Analytics,"Use Excel, Tableau, Power BI, and SQL to turn raw business data into actionable insights and dashboards.",Beginner,4.7,145039,42,19.99,"DAX, Pivot Tables, Excel",True,English
C0110,SQL - MySQL for Data Analytics and Business Intelligence,Udemy,Business Analytics,"Use Excel, Tableau, Power BI, and SQL to turn raw business data into actionable insights and dashboards.",All Levels,4.1,138013,63,49.99,"Google Analytics, Excel, Pivot Tables, Power BI",True,English
C0111,Google Data Analytics Professional Certificate,Udemy,Business Analytics,"Use Excel, Tableau, Power BI, and SQL to turn raw business data into actionable insights and dashboards.",Intermediate,4.6,128459,49,49.99,"Power BI, KPIs, Tableau, Excel, SQL",True,English
C0112,Analytics in Python,Coursera,Business Analytics,"Use Excel, Tableau, Power BI, and SQL to turn raw business data into actionable insights and dashboards.",Intermediate,4.4,128056,54,12.99,"Statistics, DAX, Google Analytics, KPIs, Power BI",False,English
C0113,Data-driven Decision Making,Coursera,Business Analytics,"Use Excel, Tableau, Power BI, and SQL to turn raw business data into actionable insights and dashboards.",Beginner,4.1,18227,42,19.99,"SQL, DAX, Statistics",True,English
C0114,Marketing Analytics,Udemy,Business Analytics,"Use Excel, Tableau, Power BI, and SQL to turn raw business data into actionable insights and dashboards.",Advanced,4.9,54753,43,0.0,"Excel, KPIs, Statistics",False,English
C0115,Business Metrics for Data-Driven Companies,Udemy,Business Analytics,"Use Excel, Tableau, Power BI, and SQL to turn raw business data into actionable insights and dashboards.",Intermediate,4.2,146056,15,29.99,"Power BI, KPIs, Google Analytics, Tableau",True,Spanish
C0116,Introduction to Business Analytics,Udemy,Business Analytics,"Use Excel, Tableau, Power BI, and SQL to turn raw business data into actionable insights and dashboards.",Intermediate,4.5,98043,29,19.99,"Pivot Tables, Statistics, DAX, Power BI",False,French
C0117,Foundations of Business Analytics,edX,Business Analytics,"Use Excel, Tableau, Power BI, and SQL to turn raw business data into actionable insights and dashboards.",Advanced,4.4,73482,12,24.99,"Google Analytics, Tableau, Power BI, Statistics, Pivot Tables",False,English
C0118,Customer Analytics,Udacity,Business Analytics,"Use Excel, Tableau, Power BI, and SQL to turn raw business data into actionable insights and dashboards.",Intermediate,4.7,118913,43,14.99,"KPIs, Power BI, DAX, SQL",True,English
C0119,Operations Analytics,Udemy,Business Analytics,"Use Excel, Tableau, Power BI, and SQL to turn raw business data into actionable insights and dashboards.",Intermediate,4.2,91017,50,19.99,"Data Visualization, KPIs, Statistics",True,Spanish
C0120,People Analytics,Coursera,Business Analytics,"Use Excel, Tableau, Power BI, and SQL to turn raw business data into actionable insights and dashboards.",All Levels,4.1,32250,59,29.99,"Excel, Data Visualization, SQL, Pivot Tables",True,English
C0121,AWS Certified Solutions Architect - Associate 2024,Coursera,Cloud Computing,"Deploy and manage scalable cloud infrastructure using AWS, Azure, GCP, Docker, and Kubernetes.",Advanced,4.3,6401,72,24.99,"GCP, Kubernetes, Serverless, Terraform",False,French
C0122,AWS Certified Cloud Practitioner - New (CLF-C02) 2024,Udemy,Cloud Computing,"Deploy and manage scalable cloud infrastructure using AWS, Azure, GCP, Docker, and Kubernetes.",All Levels,4.1,8467,20,49.99,"CI/CD, Terraform, GCP, AWS",False,French
C0123,Ultimate AWS Certified Developer Associate 2024,Coursera,Cloud Computing,"Deploy and manage scalable cloud infrastructure using AWS, Azure, GCP, Docker, and Kubernetes.",Intermediate,4.2,120363,16,9.99,"AWS, Docker, Serverless",True,English
C0124,AWS Certified SysOps Administrator Associate 2024,Coursera,Cloud Computing,"Deploy and manage scalable cloud infrastructure using AWS, Azure, GCP, Docker, and Kubernetes.",Advanced,4.7,57509,70,29.99,"GCP, Azure, DevOps",True,French
C0125,Microsoft Azure Fundamentals AZ-900 Exam Prep,Udemy,Cloud Computing,"Deploy and manage scalable cloud infrastructure using AWS, Azure, GCP, Docker, and Kubernetes.",Intermediate,4.0,24522,65,9.99,"Docker, AWS, GCP, Serverless",True,French
C0126,AZ-204: Developing Solutions for Microsoft Azure,Coursera,Cloud Computing,"Deploy and manage scalable cloud infrastructure using AWS, Azure, GCP, Docker, and Kubernetes.",Beginner,4.6,22920,59,12.99,"Terraform, Linux, CI/CD",True,Spanish
C0127,Google Cloud Professional Data Engineer,Udacity,Cloud Computing,"Deploy and manage scalable cloud infrastructure using AWS, Azure, GCP, Docker, and Kubernetes.",Beginner,5.0,117860,71,29.99,"Linux, Serverless, Terraform, Azure",True,English
C0128,Google Cloud Associate Cloud Engineer,Udacity,Cloud Computing,"Deploy and manage scalable cloud infrastructure using AWS, Azure, GCP, Docker, and Kubernetes.",Beginner,4.4,51899,56,24.99,"AWS, DevOps, Terraform",True,French
C0129,Cloud Computing Specialization,Coursera,Cloud Computing,"Deploy and manage scalable cloud infrastructure using AWS, Azure, GCP, Docker, and Kubernetes.",Advanced,4.1,101515,24,49.99,"Azure, Serverless, Docker",False,English
C0130,IBM Cloud Computing,Udemy,Cloud Computing,"Deploy and manage scalable cloud infrastructure using AWS, Azure, GCP, Docker, and Kubernetes.",All Levels,4.7,126803,15,12.99,"Linux, Kubernetes, AWS, Azure, Terraform",True,Spanish
C0131,"Cloud Computing Concepts, Part 1",Udacity,Cloud Computing,"Deploy and manage scalable cloud infrastructure using AWS, Azure, GCP, Docker, and Kubernetes.",Advanced,4.8,123757,69,29.99,"Kubernetes, Terraform, DevOps",True,Spanish
C0132,"Cloud Computing Applications, Part 1",Coursera,Cloud Computing,"Deploy and manage scalable cloud infrastructure using AWS, Azure, GCP, Docker, and Kubernetes.",All Levels,4.4,55919,29,12.99,"Serverless, Docker, Terraform, DevOps",False,Spanish
C0133,Docker and Kubernetes: The Complete Guide,Coursera,Cloud Computing,"Deploy and manage scalable cloud infrastructure using AWS, Azure, GCP, Docker, and Kubernetes.",All Levels,4.8,126088,15,24.99,"Terraform, Kubernetes, Azure",True,Spanish
C0134,Kubernetes for the Absolute Beginners,Coursera,Cloud Computing,"Deploy and manage scalable cloud infrastructure using AWS, Azure, GCP, Docker, and Kubernetes.",Intermediate,4.7,45138,30,29.99,"DevOps, GCP, AWS, Serverless",False,English
C0135,Docker Mastery: with Kubernetes +Swarm from a Docker Captain,edX,Cloud Computing,"Deploy and manage scalable cloud infrastructure using AWS, Azure, GCP, Docker, and Kubernetes.",Advanced,4.4,88699,65,0.0,"DevOps, Azure, AWS, Linux, Docker",True,French
C0136,"DevOps, CI/CD with Jenkins, Ansible, Chef, Puppet",Udacity,Cloud Computing,"Deploy and manage scalable cloud infrastructure using AWS, Azure, GCP, Docker, and Kubernetes.",Beginner,4.6,77365,48,14.99,"DevOps, CI/CD, Terraform, Docker, Kubernetes",True,Spanish
C0137,"GitLab CI: Pipelines, CI/CD and DevOps for Beginners",Coursera,Cloud Computing,"Deploy and manage scalable cloud infrastructure using AWS, Azure, GCP, Docker, and Kubernetes.",Advanced,4.3,12587,65,14.99,"DevOps, Terraform, CI/CD, GCP",True,Spanish
C0138,Terraform for Beginners,edX,Cloud Computing,"Deploy and manage scalable cloud infrastructure using AWS, Azure, GCP, Docker, and Kubernetes.",Beginner,4.2,146951,24,19.99,"AWS, GCP, Docker, CI/CD",True,English
C0139,Infrastructure as Code - Terraform,Coursera,Cloud Computing,"Deploy and manage scalable cloud infrastructure using AWS, Azure, GCP, Docker, and Kubernetes.",Intermediate,4.8,110884,70,0.0,"AWS, Kubernetes, Linux, GCP, CI/CD",True,French
C0140,Cloud Native Foundations,edX,Cloud Computing,"Deploy and manage scalable cloud infrastructure using AWS, Azure, GCP, Docker, and Kubernetes.",All Levels,4.4,85230,54,49.99,"Terraform, Azure, CI/CD",False,French
C0141,Natural Language Processing Specialization,Coursera,AI & NLP,"Build intelligent AI applications using NLP, transformers, ChatGPT APIs, and LangChain for real-world problems.",Intermediate,4.3,54720,77,19.99,"Transformers, Hugging Face, Text Mining, ChatGPT, TensorFlow",True,French
C0142,Natural Language Processing with Classification and Vector Spaces,Coursera,AI & NLP,"Build intelligent AI applications using NLP, transformers, ChatGPT APIs, and LangChain for real-world problems.",All Levels,4.5,26701,11,0.0,"Prompt Engineering, Text Mining, BERT, Python",False,English
C0143,Natural Language Processing with Probabilistic Models,Udemy,AI & NLP,"Build intelligent AI applications using NLP, transformers, ChatGPT APIs, and LangChain for real-world problems.",Advanced,4.7,46103,37,12.99,"LangChain, BERT, Transformers, NLP",True,Spanish
C0144,Natural Language Processing with Sequence Models,Coursera,AI & NLP,"Build intelligent AI applications using NLP, transformers, ChatGPT APIs, and LangChain for real-world problems.",Beginner,4.9,134215,64,14.99,"ChatGPT, Transformers, Hugging Face, Text Mining",True,English
C0145,Natural Language Processing with Attention Models,Udemy,AI & NLP,"Build intelligent AI applications using NLP, transformers, ChatGPT APIs, and LangChain for real-world problems.",All Levels,4.5,28728,10,24.99,"Transformers, NLP, Hugging Face, Prompt Engineering",True,English
C0146,AI For Everyone by Andrew Ng,Udemy,AI & NLP,"Build intelligent AI applications using NLP, transformers, ChatGPT APIs, and LangChain for real-world problems.",All Levels,4.6,62532,31,9.99,"Prompt Engineering, Python, Transformers",False,English
C0147,Artificial Intelligence A-Z 2024: Build 7 AI + LLM & ChatGPT,Udemy,AI & NLP,"Build intelligent AI applications using NLP, transformers, ChatGPT APIs, and LangChain for real-world problems.",Advanced,4.1,14857,64,24.99,"Transformers, ChatGPT, LangChain",True,English
C0148,"ChatGPT Complete Guide: Learn MidJourney, ChatGPT 4 & More",edX,AI & NLP,"Build intelligent AI applications using NLP, transformers, ChatGPT APIs, and LangChain for real-world problems.",Intermediate,4.5,64378,28,9.99,"Hugging Face, NLP, LangChain, Text Mining, Python",True,Spanish
C0149,LangChain for LLM Application Development,Udemy,AI & NLP,"Build intelligent AI applications using NLP, transformers, ChatGPT APIs, and LangChain for real-world problems.",Beginner,4.8,29618,73,0.0,"TensorFlow, Python, BERT",True,Spanish
C0150,Building Systems with the ChatGPT API,Udemy,AI & NLP,"Build intelligent AI applications using NLP, transformers, ChatGPT APIs, and LangChain for real-world problems.",Intermediate,5.0,134123,19,19.99,"LangChain, TensorFlow, Hugging Face, Prompt Engineering",True,Spanish
C0151,Prompt Engineering for Developers,edX,AI & NLP,"Build intelligent AI applications using NLP, transformers, ChatGPT APIs, and LangChain for real-world problems.",Beginner,4.6,11616,10,29.99,"Transformers, NLP, LangChain, Python, Prompt Engineering",True,English
C0152,Finetuning Large Language Models,Udemy,AI & NLP,"Build intelligent AI applications using NLP, transformers, ChatGPT APIs, and LangChain for real-world problems.",Beginner,4.7,110954,23,49.99,"Text Mining, BERT, NLP",True,French
C0153,Understanding and Applying Text Embeddings,edX,AI & NLP,"Build intelligent AI applications using NLP, transformers, ChatGPT APIs, and LangChain for real-world problems.",Intermediate,4.7,33494,68,14.99,"ChatGPT, BERT, Prompt Engineering, Hugging Face",True,English
C0154,Pair Programming with a Large Language Model,Coursera,AI & NLP,"Build intelligent AI applications using NLP, transformers, ChatGPT APIs, and LangChain for real-world problems.",Advanced,4.2,121487,69,24.99,"NLP, TensorFlow, Python",True,English
C0155,How Diffusion Models Work,Udemy,AI & NLP,"Build intelligent AI applications using NLP, transformers, ChatGPT APIs, and LangChain for real-world problems.",Intermediate,5.0,129795,41,14.99,"Text Mining, BERT, Transformers, ChatGPT",True,Spanish
C0156,AI Applications with Azure Machine Learning,edX,AI & NLP,"Build intelligent AI applications using NLP, transformers, ChatGPT APIs, and LangChain for real-world problems.",Beginner,4.3,103432,64,14.99,"LangChain, Prompt Engineering, NLP",True,Spanish
C0157,AI Ethics: Global Perspectives,Udacity,AI & NLP,"Build intelligent AI applications using NLP, transformers, ChatGPT APIs, and LangChain for real-world problems.",Advanced,4.4,134169,21,29.99,"Text Mining, TensorFlow, ChatGPT, LangChain, Python",True,English
C0158,Artificial Intelligence in Practice,Udemy,AI & NLP,"Build intelligent AI applications using NLP, transformers, ChatGPT APIs, and LangChain for real-world problems.",Advanced,4.8,5575,52,49.99,"Text Mining, LangChain, Python, Transformers, TensorFlow",False,English
C0159,Introduction to Artificial Intelligence (AI),edX,AI & NLP,"Build intelligent AI applications using NLP, transformers, ChatGPT APIs, and LangChain for real-world problems.",Intermediate,4.0,138388,59,14.99,"Transformers, BERT, NLP, Hugging Face, Text Mining",True,English
C0160,AI Workflow: Feature Engineering and Bias Detection,Coursera,AI & NLP,"Build intelligent AI applications using NLP, transformers, ChatGPT APIs, and LangChain for real-world problems.",Advanced,5.0,71410,62,19.99,"Transformers, Prompt Engineering, TensorFlow",False,Spanish
C0161,The Complete Cyber Security Course: Hackers Exposed!,Udemy,Cybersecurity,"Learn ethical hacking, penetration testing, network security, and cybersecurity frameworks to protect systems.",All Levels,4.1,85936,16,24.99,"Ethical Hacking, Python, Network Security, CISSP",False,English
C0162,The Complete Cyber Security Course: Network Security!,Coursera,Cybersecurity,"Learn ethical hacking, penetration testing, network security, and cybersecurity frameworks to protect systems.",Advanced,4.8,78502,11,24.99,"Network Security, CISSP, Firewalls, Forensics",True,Spanish
C0163,CompTIA Security+ (SY0-701) Complete Course & Exam,Udemy,Cybersecurity,"Learn ethical hacking, penetration testing, network security, and cybersecurity frameworks to protect systems.",Intermediate,4.1,138288,19,24.99,"Linux, SIEM, CISSP, Cryptography",False,English
C0164,Ethical Hacking from Scratch,Coursera,Cybersecurity,"Learn ethical hacking, penetration testing, network security, and cybersecurity frameworks to protect systems.",All Levels,4.5,43556,53,0.0,"Ethical Hacking, CISSP, Forensics",False,Spanish
C0165,Learn Ethical Hacking From Scratch 2024,Coursera,Cybersecurity,"Learn ethical hacking, penetration testing, network security, and cybersecurity frameworks to protect systems.",Intermediate,4.4,70948,48,29.99,"Forensics, SIEM, Cryptography",True,English
C0166,Bug Bounty Hunting & Web Security Testing,Udemy,Cybersecurity,"Learn ethical hacking, penetration testing, network security, and cybersecurity frameworks to protect systems.",All Levels,4.3,134893,76,0.0,"Ethical Hacking, Python, SIEM",True,French
C0167,Practical Ethical Hacking - The Complete Course,Udacity,Cybersecurity,"Learn ethical hacking, penetration testing, network security, and cybersecurity frameworks to protect systems.",Beginner,4.6,99739,22,24.99,"Linux, Penetration Testing, CISSP, SIEM",True,French
C0168,Web Application Penetration Testing,edX,Cybersecurity,"Learn ethical hacking, penetration testing, network security, and cybersecurity frameworks to protect systems.",Intermediate,4.6,62568,9,19.99,"Linux, SIEM, Cryptography, Firewalls, CISSP",False,English
C0169,Python for Cybersecurity Specialization,Coursera,Cybersecurity,"Learn ethical hacking, penetration testing, network security, and cybersecurity frameworks to protect systems.",Intermediate,4.2,51083,45,29.99,"Penetration Testing, Cryptography, Python, Forensics, Firewalls",True,English
C0170,IBM Cybersecurity Analyst Professional Certificate,Udemy,Cybersecurity,"Learn ethical hacking, penetration testing, network security, and cybersecurity frameworks to protect systems.",Beginner,4.9,40258,48,19.99,"Forensics, Network Security, Penetration Testing",True,English
C0171,Google Cybersecurity Certificate,Udemy,Cybersecurity,"Learn ethical hacking, penetration testing, network security, and cybersecurity frameworks to protect systems.",Beginner,4.9,118461,67,14.99,"Forensics, Penetration Testing, Python",True,English
C0172,Introduction to Cybersecurity Tools & Cyber Attacks,Udemy,Cybersecurity,"Learn ethical hacking, penetration testing, network security, and cybersecurity frameworks to protect systems.",Intermediate,5.0,138641,66,19.99,"SIEM, Python, Forensics, Penetration Testing",True,English
C0173,Cybersecurity Compliance Framework & System Administration,Coursera,Cybersecurity,"Learn ethical hacking, penetration testing, network security, and cybersecurity frameworks to protect systems.",Beginner,4.1,133741,44,49.99,"Cryptography, Firewalls, Network Security, CISSP, Linux",True,Spanish
C0174,Network Security & Database Vulnerabilities,LinkedIn Learning,Cybersecurity,"Learn ethical hacking, penetration testing, network security, and cybersecurity frameworks to protect systems.",Intermediate,4.5,9056,60,29.99,"Ethical Hacking, Penetration Testing, CISSP",True,English
C0175,"Penetration Testing, Incident Response and Forensics",Udacity,Cybersecurity,"Learn ethical hacking, penetration testing, network security, and cybersecurity frameworks to protect systems.",Advanced,4.5,85876,70,9.99,"Ethical Hacking, Forensics, Penetration Testing, Firewalls",True,English
C0176,Cyber Threat Intelligence,Udemy,Cybersecurity,"Learn ethical hacking, penetration testing, network security, and cybersecurity frameworks to protect systems.",Intermediate,4.4,132879,12,19.99,"Linux, Cryptography, CISSP",True,English
C0177,Digital Forensics Concepts,Coursera,Cybersecurity,"Learn ethical hacking, penetration testing, network security, and cybersecurity frameworks to protect systems.",Intermediate,4.3,66593,19,49.99,"CISSP, Ethical Hacking, Firewalls, Network Security",False,English
C0178,CISSP Certification: CISSP Domain 1 & 2 Boot Camp,LinkedIn Learning,Cybersecurity,"Learn ethical hacking, penetration testing, network security, and cybersecurity frameworks to protect systems.",Intermediate,4.6,114113,58,24.99,"Ethical Hacking, SIEM, Firewalls, Linux",True,French
C0179,Certified Ethical Hacker (CEH) Master Program,Udemy,Cybersecurity,"Learn ethical hacking, penetration testing, network security, and cybersecurity frameworks to protect systems.",All Levels,5.0,90602,29,24.99,"Ethical Hacking, Cryptography, CISSP",False,English
C0180,Malware Analysis and Reverse Engineering,Coursera,Cybersecurity,"Learn ethical hacking, penetration testing, network security, and cybersecurity frameworks to protect systems.",Beginner,5.0,126939,78,0.0,"CISSP, Cryptography, Ethical Hacking, Linux",True,Spanish
C0181,Statistics with Python Specialization,Udacity,Statistics,"Master probability, statistical inference, regression, and Bayesian methods for data-driven decision making.",Advanced,4.1,77564,41,0.0,"Sampling, Regression, Hypothesis Testing",True,English
C0182,Understanding and Visualizing Data with Python,Udemy,Statistics,"Master probability, statistical inference, regression, and Bayesian methods for data-driven decision making.",Beginner,4.2,111541,20,24.99,"Python, R, ANOVA",True,English
C0183,Inferential Statistical Analysis with Python,Coursera,Statistics,"Master probability, statistical inference, regression, and Bayesian methods for data-driven decision making.",Advanced,4.6,122758,60,19.99,"Regression, R, Probability, Inference",False,English
C0184,Fitting Statistical Models to Data with Python,edX,Statistics,"Master probability, statistical inference, regression, and Bayesian methods for data-driven decision making.",All Levels,4.5,147809,60,29.99,"Probability, Hypothesis Testing, Regression, Python",True,Spanish
C0185,Bayesian Statistics: From Concept to Data Analysis,Coursera,Statistics,"Master probability, statistical inference, regression, and Bayesian methods for data-driven decision making.",Advanced,4.1,59108,33,24.99,"Inference, Bayesian, Python, R",True,English
C0186,Probability and Statistics in Data Science using Python,Coursera,Statistics,"Master probability, statistical inference, regression, and Bayesian methods for data-driven decision making.",Advanced,4.1,137365,51,19.99,"Regression, Inference, ANOVA",False,English
C0187,Statistics and R,Udemy,Statistics,"Master probability, statistical inference, regression, and Bayesian methods for data-driven decision making.",All Levels,4.7,128381,54,9.99,"Bayesian, R, Hypothesis Testing, Sampling, Inference",False,French
C0188,Introduction to Probability and Data with R,Coursera,Statistics,"Master probability, statistical inference, regression, and Bayesian methods for data-driven decision making.",Beginner,4.6,126237,24,14.99,"Regression, Sampling, Hypothesis Testing, Python, Distributions",False,Spanish
C0189,Inferential Statistics,Udacity,Statistics,"Master probability, statistical inference, regression, and Bayesian methods for data-driven decision making.",Intermediate,4.4,81923,16,24.99,"Distributions, Inference, Bayesian, Regression",True,English
C0190,Linear Regression and Modeling,edX,Statistics,"Master probability, statistical inference, regression, and Bayesian methods for data-driven decision making.",Advanced,4.1,17423,61,9.99,"Probability, Bayesian, Python",False,Spanish
C0191,Bayesian Statistics,Coursera,Statistics,"Master probability, statistical inference, regression, and Bayesian methods for data-driven decision making.",Advanced,4.4,18699,9,0.0,"Hypothesis Testing, Probability, Sampling",True,English
C0192,Statistics for Machine Learning & Data Science,Coursera,Statistics,"Master probability, statistical inference, regression, and Bayesian methods for data-driven decision making.",Advanced,4.4,103018,35,12.99,"ANOVA, Sampling, Regression, Distributions",True,Spanish
C0193,Introduction to Statistics (Stanford),LinkedIn Learning,Statistics,"Master probability, statistical inference, regression, and Bayesian methods for data-driven decision making.",Beginner,4.5,52455,64,14.99,"Distributions, Hypothesis Testing, R",True,English
C0194,Statistical Learning (Stanford),edX,Statistics,"Master probability, statistical inference, regression, and Bayesian methods for data-driven decision making.",Intermediate,4.2,90806,36,12.99,"ANOVA, Regression, Python, R, Bayesian",True,Spanish
C0195,Design of Experiments,Udemy,Statistics,"Master probability, statistical inference, regression, and Bayesian methods for data-driven decision making.",Beginner,4.6,49929,24,12.99,"Bayesian, Sampling, Hypothesis Testing, Regression",True,English
C0196,A Crash Course in Statistics,Udacity,Statistics,"Master probability, statistical inference, regression, and Bayesian methods for data-driven decision making.",Advanced,4.9,24489,67,19.99,"Regression, Bayesian, Probability, Sampling, Inference",True,English
C0197,Introduction to Statistics: Inference,edX,Statistics,"Master probability, statistical inference, regression, and Bayesian methods for data-driven decision making.",All Levels,4.5,129057,76,24.99,"Inference, R, Python",False,English
C0198,Introduction to Statistics: Probability,Udemy,Statistics,"Master probability, statistical inference, regression, and Bayesian methods for data-driven decision making.",Beginner,5.0,47653,18,14.99,"Regression, Sampling, Probability, ANOVA, Inference",True,English
C0199,Statistical Inference,Coursera,Statistics,"Master probability, statistical inference, regression, and Bayesian methods for data-driven decision making.",All Levels,4.1,124265,33,0.0,"Distributions, Bayesian, ANOVA, Regression, Probability",False,French
C0200,Regression Models,LinkedIn Learning,Statistics,"Master probability, statistical inference, regression, and Bayesian methods for data-driven decision making.",All Levels,4.3,102471,51,0.0,"Probability, Hypothesis Testing, Bayesian, R, Distributions",True,French
C0201,Advanced Statistics: Real-World Projects,Udemy,Statistics,"Master probability, statistical inference, regression, and Bayesian methods for data-driven decision making.",All Levels,4.4,18160,49,9.99,"Inference, R, Probability, Sampling",False,English
C0202,Learn Business Analytics in 30 Days,edX,Business Analytics,"Use Excel, Tableau, Power BI, and SQL to turn raw business data into actionable insights and dashboards.",Intermediate,4.9,3796,95,9.99,"Pivot Tables, Tableau, Google Analytics",False,English
C0203,Professional Machine Learning Certification Course,LinkedIn Learning,Machine Learning,"Learn supervised, unsupervised, and reinforcement learning algorithms with hands-on projects and real-world datasets.",All Levels,3.9,30061,63,19.99,"ML Algorithms, Classification, NumPy",True,English
C0204,Zero to Hero: Web Development,Coursera,Web Development,"Build full-stack web applications using HTML, CSS, JavaScript, React, Node.js, and modern frameworks.",Beginner,4.5,22726,80,9.99,"REST API, TypeScript, JavaScript, MongoDB",True,English
C0205,Hands-On Cloud Computing Training,Udemy,Cloud Computing,"Deploy and manage scalable cloud infrastructure using AWS, Azure, GCP, Docker, and Kubernetes.",All Levels,4.1,42451,23,29.99,"Serverless, GCP, AWS",False,English
C0206,Zero to Hero: Python Programming,edX,Python Programming,"Complete Python programming from beginner to advanced including OOP, data structures, automation, and web frameworks.",Beginner,4.2,19559,71,9.99,"Automation, FastAPI, Python",True,English
C0207,Advanced Cloud Computing: Real-World Projects,Udacity,Cloud Computing,"Deploy and manage scalable cloud infrastructure using AWS, Azure, GCP, Docker, and Kubernetes.",Advanced,3.9,42733,44,49.99,"Docker, GCP, Azure",True,Spanish
C0208,Deep Learning for Beginners: Step-by-Step Guide,Udacity,Deep Learning,"Build powerful neural networks using TensorFlow and PyTorch for image recognition, NLP, and generative AI applications.",All Levels,4.2,35617,29,19.99,"Transfer Learning, Keras, Computer Vision, NLP",True,English
C0209,Professional Business Analytics Certification Course,LinkedIn Learning,Business Analytics,"Use Excel, Tableau, Power BI, and SQL to turn raw business data into actionable insights and dashboards.",Intermediate,4.7,8812,85,19.99,"DAX, Statistics, Data Visualization",False,English
C0210,Business Analytics Interview Prep,Coursera,Business Analytics,"Use Excel, Tableau, Power BI, and SQL to turn raw business data into actionable insights and dashboards.",All Levels,4.0,33972,92,9.99,"Tableau, KPIs, Pivot Tables, Google Analytics",False,English
C0211,Complete Business Analytics Masterclass 2024,Udemy,Business Analytics,"Use Excel, Tableau, Power BI, and SQL to turn raw business data into actionable insights and dashboards.",Advanced,4.2,42391,7,0.0,"Data Visualization, Pivot Tables, SQL",True,English
C0212,Complete Cloud Computing Masterclass 2024,Coursera,Cloud Computing,"Deploy and manage scalable cloud infrastructure using AWS, Azure, GCP, Docker, and Kubernetes.",Advanced,4.8,26500,18,9.99,"CI/CD, DevOps, Kubernetes, Linux",True,Spanish
C0213,AI & NLP for Beginners: Step-by-Step Guide,Coursera,AI & NLP,"Build intelligent AI applications using NLP, transformers, ChatGPT APIs, and LangChain for real-world problems.",Beginner,4.0,1955,66,19.99,"Python, Prompt Engineering, BERT",True,Spanish
C0214,Statistics Interview Prep,Udacity,Statistics,"Master probability, statistical inference, regression, and Bayesian methods for data-driven decision making.",Advanced,4.5,11989,20,19.99,"R, Sampling, Inference, Python",True,English
C0215,Learn Python Programming in 30 Days,Udacity,Python Programming,"Complete Python programming from beginner to advanced including OOP, data structures, automation, and web frameworks.",Beginner,4.3,39129,63,0.0,"Scripting, OOP, Django",False,English
C0216,Cybersecurity for Beginners: Step-by-Step Guide,LinkedIn Learning,Cybersecurity,"Learn ethical hacking, penetration testing, network security, and cybersecurity frameworks to protect systems.",Advanced,3.9,23680,28,9.99,"Forensics, Firewalls, Ethical Hacking, Python",True,English
C0217,Cybersecurity Interview Prep,Udemy,Cybersecurity,"Learn ethical hacking, penetration testing, network security, and cybersecurity frameworks to protect systems.",Intermediate,4.7,44605,88,0.0,"Penetration Testing, SIEM, CISSP",True,English
C0218,Hands-On Data Science Training,edX,Data Science,"Master data science tools and techniques including data wrangling, visualization, and statistical analysis using Python and SQL.",Advanced,4.5,28990,33,29.99,"Python, Seaborn, Data Analysis, Statistics",True,English
C0221,Complete Data Science Masterclass 2024,LinkedIn Learning,Data Science,"Master data science tools and techniques including data wrangling, visualization, and statistical analysis using Python and SQL.",All Levels,4.5,24451,10,0.0,"Statistics, Matplotlib, Data Analysis",False,English
C0222,Ultimate Business Analytics Bootcamp,edX,Business Analytics,"Use Excel, Tableau, Power BI, and SQL to turn raw business data into actionable insights and dashboards.",All Levels,3.8,30043,96,0.0,"Tableau, Google Analytics, Excel",True,English
C0223,Zero to Hero: Cybersecurity,Udemy,Cybersecurity,"Learn ethical hacking, penetration testing, network security, and cybersecurity frameworks to protect systems.",All Levels,3.9,21381,44,19.99,"Penetration Testing, Python, Ethical Hacking",True,English
C0224,Zero to Hero: Deep Learning,Coursera,Deep Learning,"Build powerful neural networks using TensorFlow and PyTorch for image recognition, NLP, and generative AI applications.",Advanced,4.5,44817,7,9.99,"Computer Vision, TensorFlow, CNN, Neural Networks",False,English
C0225,Learn Cloud Computing in 30 Days,edX,Cloud Computing,"Deploy and manage scalable cloud infrastructure using AWS, Azure, GCP, Docker, and Kubernetes.",Intermediate,4.8,19396,58,49.99,"Azure, Docker, CI/CD, DevOps",True,English
C0226,Advanced AI & NLP: Real-World Projects,Udemy,AI & NLP,"Build intelligent AI applications using NLP, transformers, ChatGPT APIs, and LangChain for real-world problems.",Beginner,4.3,16546,26,19.99,"Text Mining, Python, LangChain, NLP",False,English
C0227,Python Programming Crash Course,LinkedIn Learning,Python Programming,"Complete Python programming from beginner to advanced including OOP, data structures, automation, and web frameworks.",Advanced,4.3,1737,42,49.99,"FastAPI, Flask, Testing, OOP",False,French
C0228,Complete Web Development Masterclass 2024,Udemy,Web Development,"Build full-stack web applications using HTML, CSS, JavaScript, React, Node.js, and modern frameworks.",All Levels,4.2,11807,31,9.99,"TypeScript, REST API, HTML",True,English
C0230,Hands-On Deep Learning Training,Coursera,Deep Learning,"Build powerful neural networks using TensorFlow and PyTorch for image recognition, NLP, and generative AI applications.",Intermediate,4.0,1800,91,49.99,"Computer Vision, CNN, Keras",False,Spanish
C0232,Professional Deep Learning Certification Course,Udemy,Deep Learning,"Build powerful neural networks using TensorFlow and PyTorch for image recognition, NLP, and generative AI applications.",Beginner,4.3,19844,66,0.0,"Keras, TensorFlow, Transfer Learning, CNN",True,English
C0233,Learn Statistics in 30 Days,Udemy,Statistics,"Master probability, statistical inference, regression, and Bayesian methods for data-driven decision making.",Beginner,4.9,10899,53,49.99,"Distributions, R, ANOVA",False,French
C0235,Advanced Deep Learning: Real-World Projects,edX,Deep Learning,"Build powerful neural networks using TensorFlow and PyTorch for image recognition, NLP, and generative AI applications.",All Levels,4.0,26063,55,0.0,"Transfer Learning, PyTorch, Keras, NLP",True,French
C0237,Python Programming Interview Prep,Coursera,Python Programming,"Complete Python programming from beginner to advanced including OOP, data structures, automation, and web frameworks.",Beginner,4.1,46873,82,19.99,"Scripting, Automation, Python, Testing",True,Spanish
C0239,Zero to Hero: Cloud Computing,Udacity,Cloud Computing,"Deploy and manage scalable cloud infrastructure using AWS, Azure, GCP, Docker, and Kubernetes.",Beginner,4.9,35840,62,0.0,"Azure, CI/CD, AWS",False,English
C0241,Zero to Hero: Machine Learning,Udacity,Machine Learning,"Learn supervised, unsupervised, and reinforcement learning algorithms with hands-on projects and real-world datasets.",Advanced,4.8,16867,66,0.0,"Clustering, Pandas, Model Evaluation",True,English
C0242,Business Analytics for Beginners: Step-by-Step Guide,LinkedIn Learning,Business Analytics,"Use Excel, Tableau, Power BI, and SQL to turn raw business data into actionable insights and dashboards.",Beginner,4.4,37801,92,29.99,"Excel, Pivot Tables, DAX, Power BI",False,French
C0243,Complete Python Programming Masterclass 2024,Udacity,Python Programming,"Complete Python programming from beginner to advanced including OOP, data structures, automation, and web frameworks.",All Levels,3.8,33557,52,0.0,"Algorithms, OOP, Python",False,English
C0244,Learn AI & NLP in 30 Days,LinkedIn Learning,AI & NLP,"Build intelligent AI applications using NLP, transformers, ChatGPT APIs, and LangChain for real-world problems.",Advanced,4.8,9967,47,49.99,"Text Mining, Python, TensorFlow, ChatGPT",True,English
C0245,Statistics for Beginners: Step-by-Step Guide,LinkedIn Learning,Statistics,"Master probability, statistical inference, regression, and Bayesian methods for data-driven decision making.",Advanced,3.8,29279,52,49.99,"Distributions, Inference, Regression",True,English
C0246,Professional Data Science Certification Course,edX,Data Science,"Master data science tools and techniques including data wrangling, visualization, and statistical analysis using Python and SQL.",Intermediate,4.7,11022,70,9.99,"Data Analysis, Matplotlib, SQL",True,English
C0247,Professional Cybersecurity Certification Course,edX,Cybersecurity,"Learn ethical hacking, penetration testing, network security, and cybersecurity frameworks to protect systems.",Advanced,4.4,30553,46,29.99,"Firewalls, Forensics, Network Security, Python",False,English
C0248,Hands-On Machine Learning Training,Udemy,Machine Learning,"Learn supervised, unsupervised, and reinforcement learning algorithms with hands-on projects and real-world datasets.",All Levels,4.5,29604,68,29.99,"Feature Engineering, NumPy, Scikit-learn",True,Spanish
C0249,Business Analytics Crash Course,Udemy,Business Analytics,"Use Excel, Tableau, Power BI, and SQL to turn raw business data into actionable insights and dashboards.",Advanced,5.0,2790,32,9.99,"Data Visualization, DAX, Pivot Tables",False,French
C0250,Advanced Machine Learning: Real-World Projects,Coursera,Machine Learning,"Learn supervised, unsupervised, and reinforcement learning algorithms with hands-on projects and real-world datasets.",Intermediate,4.1,32564,88,29.99,"Model Evaluation, Classification, Python, Regression",True,English
C0253,Professional Web Development Certification Course,edX,Web Development,"Build full-stack web applications using HTML, CSS, JavaScript, React, Node.js, and modern frameworks.",Beginner,4.2,17520,40,49.99,"REST API, HTML, MongoDB, CSS",False,Spanish
C0254,Machine Learning Crash Course,Udemy,Machine Learning,"Learn supervised, unsupervised, and reinforcement learning algorithms with hands-on projects and real-world datasets.",Advanced,3.9,19802,99,9.99,"Pandas, Python, Regression",True,English
C0255,Learn Web Development in 30 Days,Udemy,Web Development,"Build full-stack web applications using HTML, CSS, JavaScript, React, Node.js, and modern frameworks.",Beginner,4.0,40560,85,0.0,"Node.js, REST API, MongoDB, Vue.js",False,Spanish
C0261,Data Science Interview Prep,LinkedIn Learning,Data Science,"Master data science tools and techniques including data wrangling, visualization, and statistical analysis using Python and SQL.",All Levels,4.6,44469,17,19.99,"NumPy, Tableau, Seaborn",True,French
C0263,Machine Learning Interview Prep,Udacity,Machine Learning,"Learn supervised, unsupervised, and reinforcement learning algorithms with hands-on projects and real-world datasets.",Beginner,4.0,28910,47,0.0,"Model Evaluation, Scikit-learn, Pandas",True,English
C0264,Advanced Web Development: Real-World Projects,Udemy,Web Development,"Build full-stack web applications using HTML, CSS, JavaScript, React, Node.js, and modern frameworks.",Intermediate,3.8,23766,70,19.99,"Angular, CSS, React",True,Spanish
C0265,Data Science Crash Course,edX,Data Science,"Master data science tools and techniques including data wrangling, visualization, and statistical analysis using Python and SQL.",All Levels,4.9,12039,62,49.99,"Python, Tableau, R, Seaborn",False,English
C0267,Learn Cybersecurity in 30 Days,Udacity,Cybersecurity,"Learn ethical hacking, penetration testing, network security, and cybersecurity frameworks to protect systems.",Advanced,4.6,9597,24,9.99,"Network Security, Python, Linux, Cryptography",True,English
C0270,Professional Statistics Certification Course,Coursera,Statistics,"Master probability, statistical inference, regression, and Bayesian methods for data-driven decision making.",Beginner,4.5,13048,96,19.99,"ANOVA, Regression, Inference, Distributions",False,English
C0271,Ultimate AI & NLP Bootcamp,Udemy,AI & NLP,"Build intelligent AI applications using NLP, transformers, ChatGPT APIs, and LangChain for real-world problems.",Beginner,4.4,47259,63,49.99,"ChatGPT, Hugging Face, Text Mining, BERT",False,French
C0272,Web Development Interview Prep,edX,Web Development,"Build full-stack web applications using HTML, CSS, JavaScript, React, Node.js, and modern frameworks.",All Levels,4.7,30763,67,49.99,"TypeScript, CSS, Node.js, Angular",True,Spanish
C0274,Zero to Hero: Business Analytics,LinkedIn Learning,Business Analytics,"Use Excel, Tableau, Power BI, and SQL to turn raw business data into actionable insights and dashboards.",Advanced,4.0,49417,85,49.99,"SQL, Pivot Tables, Tableau",False,English
C0275,AI & NLP Crash Course,LinkedIn Learning,AI & NLP,"Build intelligent AI applications using NLP, transformers, ChatGPT APIs, and LangChain for real-world problems.",Advanced,4.3,22653,51,49.99,"Python, Text Mining, Prompt Engineering",False,Spanish
C0277,Professional Python Programming Certification Course,edX,Python Programming,"Complete Python programming from beginner to advanced including OOP, data structures, automation, and web frameworks.",All Levels,4.2,44272,74,9.99,"Algorithms, Django, FastAPI, OOP",False,French
C0280,Learn Machine Learning in 30 Days,Udemy,Machine Learning,"Learn supervised, unsupervised, and reinforcement learning algorithms with hands-on projects and real-world datasets.",All Levels,4.6,21538,72,0.0,"Clustering, Python, Classification",True,English
C0281,Web Development Crash Course,edX,Web Development,"Build full-stack web applications using HTML, CSS, JavaScript, React, Node.js, and modern frameworks.",Intermediate,5.0,2223,91,0.0,"TypeScript, HTML, CSS",False,English
C0285,Hands-On Python Programming Training,Udemy,Python Programming,"Complete Python programming from beginner to advanced including OOP, data structures, automation, and web frameworks.",Intermediate,4.0,46242,85,29.99,"Data Structures, OOP, Python",True,French
C0290,Advanced Cybersecurity: Real-World Projects,LinkedIn Learning,Cybersecurity,"Learn ethical hacking, penetration testing, network security, and cybersecurity frameworks to protect systems.",Advanced,4.8,23953,43,49.99,"Firewalls, CISSP, Network Security",True,English
C0291,Complete AI & NLP Masterclass 2024,edX,AI & NLP,"Build intelligent AI applications using NLP, transformers, ChatGPT APIs, and LangChain for real-world problems.",Advanced,4.4,7235,69,29.99,"Prompt Engineering, LangChain, NLP",True,English
C0292,Ultimate Cloud Computing Bootcamp,Udemy,Cloud Computing,"Deploy and manage scalable cloud infrastructure using AWS, Azure, GCP, Docker, and Kubernetes.",All Levels,4.9,18713,70,0.0,"AWS, Linux, Docker, Terraform",False,English
C0294,Ultimate Cybersecurity Bootcamp,Udemy,Cybersecurity,"Learn ethical hacking, penetration testing, network security, and cybersecurity frameworks to protect systems.",Beginner,4.8,7306,64,9.99,"Penetration Testing, Linux, Python, Forensics",True,English
C0296,Statistics Crash Course,Udacity,Statistics,"Master probability, statistical inference, regression, and Bayesian methods for data-driven decision making.",Beginner,4.2,8144,20,19.99,"Inference, Hypothesis Testing, Regression, Sampling",True,Spanish
C0302,Advanced Python Programming: Real-World Projects,LinkedIn Learning,Python Programming,"Complete Python programming from beginner to advanced including OOP, data structures, automation, and web frameworks.",Intermediate,4.1,13431,60,19.99,"Automation, Python, Flask",False,English
C0304,Professional Cloud Computing Certification Course,Coursera,Cloud Computing,"Deploy and manage scalable cloud infrastructure using AWS, Azure, GCP, Docker, and Kubernetes.",All Levels,4.7,20697,58,0.0,"Azure, Linux, AWS, Docker",False,Spanish
C0306,Complete Deep Learning Masterclass 2024,edX,Deep Learning,"Build powerful neural networks using TensorFlow and PyTorch for image recognition, NLP, and generative AI applications.",All Levels,4.3,41303,42,0.0,"CNN, Computer Vision, NLP, LSTM",False,English
C0307,Complete Machine Learning Masterclass 2024,Coursera,Machine Learning,"Learn supervised, unsupervised, and reinforcement learning algorithms with hands-on projects and real-world datasets.",Intermediate,4.0,34079,38,29.99,"NumPy, Clustering, Python, Feature Engineering",True,Spanish
C0310,Hands-On Statistics Training,Udemy,Statistics,"Master probability, statistical inference, regression, and Bayesian methods for data-driven decision making.",Beginner,4.9,40796,46,0.0,"Probability, R, ANOVA, Regression",False,French
C0311,Hands-On Business Analytics Training,Coursera,Business Analytics,"Use Excel, Tableau, Power BI, and SQL to turn raw business data into actionable insights and dashboards.",Intermediate,3.9,24949,7,19.99,"KPIs, DAX, Pivot Tables",False,Spanish
C0312,Advanced Business Analytics: Real-World Projects,Udemy,Business Analytics,"Use Excel, Tableau, Power BI, and SQL to turn raw business data into actionable insights and dashboards.",Beginner,4.5,19727,10,9.99,"Pivot Tables, Google Analytics, Statistics, Data Visualization",True,English
C0313,Hands-On Web Development Training,edX,Web Development,"Build full-stack web applications using HTML, CSS, JavaScript, React, Node.js, and modern frameworks.",All Levels,4.8,31016,46,49.99,"React, Angular, Node.js",False,English
C0316,Zero to Hero: Data Science,edX,Data Science,"Master data science tools and techniques including data wrangling, visualization, and statistical analysis using Python and SQL.",All Levels,3.9,30163,82,0.0,"NumPy, Data Analysis, Statistics, Matplotlib",False,English
C0317,Cloud Computing Crash Course,LinkedIn Learning,Cloud Computing,"Deploy and manage scalable cloud infrastructure using AWS, Azure, GCP, Docker, and Kubernetes.",Advanced,4.4,31051,88,29.99,"Terraform, Linux, Kubernetes",True,Spanish
C0319,Ultimate Machine Learning Bootcamp,Coursera,Machine Learning,"Learn supervised, unsupervised, and reinforcement learning algorithms with hands-on projects and real-world datasets.",Advanced,4.3,43994,90,19.99,"NumPy, Classification, Python",False,Spanish
C0321,Learn Deep Learning in 30 Days,Udacity,Deep Learning,"Build powerful neural networks using TensorFlow and PyTorch for image recognition, NLP, and generative AI applications.",Advanced,4.2,31758,27,49.99,"PyTorch, Neural Networks, Transfer Learning",True,English
C0324,Cybersecurity Crash Course,LinkedIn Learning,Cybersecurity,"Learn ethical hacking, penetration testing, network security, and cybersecurity frameworks to protect systems.",Advanced,4.7,7136,92,49.99,"Cryptography, Forensics, Python, Network Security",True,English
C0326,Ultimate Data Science Bootcamp,Udacity,Data Science,"Master data science tools and techniques including data wrangling, visualization, and statistical analysis using Python and SQL.",All Levels,4.8,17998,43,9.99,"Seaborn, NumPy, SQL",False,English
C0327,Ultimate Python Programming Bootcamp,Udacity,Python Programming,"Complete Python programming from beginner to advanced including OOP, data structures, automation, and web frameworks.",All Levels,4.2,6108,56,49.99,"Data Structures, Testing, FastAPI, OOP",True,French
C0336,Learn Data Science in 30 Days,Udacity,Data Science,"Master data science tools and techniques including data wrangling, visualization, and statistical analysis using Python and SQL.",Advanced,4.1,21281,51,49.99,"Python, SQL, Matplotlib, Statistics",True,English
C0342,Advanced Data Science: Real-World Projects,edX,Data Science,"Master data science tools and techniques including data wrangling, visualization, and statistical analysis using Python and SQL.",Advanced,4.4,42918,75,9.99,"Tableau, Statistics, SQL",False,English
C0347,Complete Statistics Masterclass 2024,Coursera,Statistics,"Master probability, statistical inference, regression, and Bayesian methods for data-driven decision making.",Advanced,4.3,35574,6,9.99,"Probability, Hypothesis Testing, Bayesian",False,French
C0358,Hands-On AI & NLP Training,Udacity,AI & NLP,"Build intelligent AI applications using NLP, transformers, ChatGPT APIs, and LangChain for real-world problems.",Intermediate,4.4,49552,88,19.99,"Hugging Face, TensorFlow, Text Mining, LangChain",False,Spanish
C0359,Ultimate Statistics Bootcamp,Udacity,Statistics,"Master probability, statistical inference, regression, and Bayesian methods for data-driven decision making.",Intermediate,4.0,43019,70,9.99,"Hypothesis Testing, Sampling, Distributions",True,French
C0364,Web Development for Beginners: Step-by-Step Guide,Udemy,Web Development,"Build full-stack web applications using HTML, CSS, JavaScript, React, Node.js, and modern frameworks.",All Levels,4.1,29797,12,9.99,"Angular, React, HTML",True,Spanish
C0367,Hands-On Cybersecurity Training,Coursera,Cybersecurity,"Learn ethical hacking, penetration testing, network security, and cybersecurity frameworks to protect systems.",Advanced,4.7,47747,30,0.0,"Linux, Network Security, CISSP, Python",True,English
C0381,Cloud Computing Interview Prep,Udacity,Cloud Computing,"Deploy and manage scalable cloud infrastructure using AWS, Azure, GCP, Docker, and Kubernetes.",Beginner,4.9,13933,95,29.99,"DevOps, GCP, Docker, AWS",False,English
C0420,Machine Learning for Beginners: Step-by-Step Guide,Udemy,Machine Learning,"Learn supervised, unsupervised, and reinforcement learning algorithms with hands-on projects and real-world datasets.",Beginner,4.9,35590,59,0.0,"Clustering, Model Evaluation, Pandas",False,French
C0424,Zero to Hero: AI & NLP,edX,AI & NLP,"Build intelligent AI applications using NLP, transformers, ChatGPT APIs, and LangChain for real-world problems.",Intermediate,4.1,4986,11,9.99,"Text Mining, TensorFlow, LangChain",False,Spanish
C0465,Python Programming for Beginners: Step-by-Step Guide,Udemy,Python Programming,"Complete Python programming from beginner to advanced including OOP, data structures, automation, and web frameworks.",Intermediate,4.0,23042,14,0.0,"Django, Data Structures, Scripting, Algorithms",False,French
C0475,Complete Cybersecurity Masterclass 2024,LinkedIn Learning,Cybersecurity,"Learn ethical hacking, penetration testing, network security, and cybersecurity frameworks to protect systems.",All Levels,4.0,34567,10,29.99,"CISSP, Cryptography, Penetration Testing",True,French
C0478,Data Science for Beginners: Step-by-Step Guide,Udacity,Data Science,"Master data science tools and techniques including data wrangling, visualization, and statistical analysis using Python and SQL.",All Levels,4.4,12589,78,19.99,"Pandas, Data Analysis, NumPy, Matplotlib",False,Spanish
C0489,Deep Learning Interview Prep,LinkedIn Learning,Deep Learning,"Build powerful neural networks using TensorFlow and PyTorch for image recognition, NLP, and generative AI applications.",Intermediate,4.5,6796,91,29.99,"RNN, Keras, LSTM",True,English
C0515,Professional AI & NLP Certification Course,Coursera,AI & NLP,"Build intelligent AI applications using NLP, transformers, ChatGPT APIs, and LangChain for real-world problems.",Advanced,3.9,27732,61,9.99,"Text Mining, NLP, Hugging Face, LangChain",True,English
C0518,Deep Learning Crash Course,Udacity,Deep Learning,"Build powerful neural networks using TensorFlow and PyTorch for image recognition, NLP, and generative AI applications.",Beginner,4.7,42718,57,19.99,"Transfer Learning, CNN, PyTorch",False,Spanish
C0521,Cloud Computing for Beginners: Step-by-Step Guide,Udacity,Cloud Computing,"Deploy and manage scalable cloud infrastructure using AWS, Azure, GCP, Docker, and Kubernetes.",Beginner,3.9,4993,9,19.99,"AWS, Docker, Kubernetes",True,Spanish
C0533,Ultimate Web Development Bootcamp,Coursera,Web Development,"Build full-stack web applications using HTML, CSS, JavaScript, React, Node.js, and modern frameworks.",All Levels,4.2,35553,46,49.99,"HTML, REST API, React, CSS",True,English
C0552,AI & NLP Interview Prep,Coursera,AI & NLP,"Build intelligent AI applications using NLP, transformers, ChatGPT APIs, and LangChain for real-world problems.",Intermediate,3.9,32449,65,19.99,"TensorFlow, Hugging Face, Prompt Engineering, Text Mining",False,English
C0590,Zero to Hero: Statistics,LinkedIn Learning,Statistics,"Master probability, statistical inference, regression, and Bayesian methods for data-driven decision making.",Intermediate,4.9,42172,63,19.99,"R, ANOVA, Inference",False,French
